Role,Skills
Blockchain Architect,"Rust, Seaborn, FastAPI, Scikit-Learn"
Analytics Analyst,"Redis, Matplotlib, Numpy, NoSQL, LangChain, LLMs"
Site Reliability Intern,"Flask, PostgreSQL, Linux, Power BI, NoSQL, Numpy"
IoT Strategist,"REST API, Go, MySQL, ElasticSearch, PowerShell"
Security Analyst,"Transformers, TensorFlow, ElasticSearch, Flask"
Site Reliability Strategist,"Apache, Bash, Next.js, TensorFlow"
Testing Analyst,"gRPC, SQL, Spring Boot, GraphQL, Java, Next.js"
Analytics Instructor,"Notion, OpenCV, MySQL, GraphQL, Kubernetes, Figma, PHP"
Site Reliability Developer,"C#, gRPC, Ruby, Nginx, Docker"
NLP Evangelist,"NoSQL, PyTorch, Kafka, CatBoost, Numpy, Linux"
Platform Manager,"CI/CD, Notion, Terraform, Angular, Matlab"
Analytics Architect,"Kafka, Bootstrap, GraphQL, Hadoop, PHP, Docker"
Mobile Instructor,"Ruby, Hugging Face, TypeScript, Spring Boot, Keras, CSS"
E-commerce Scientist,"Figma, Java, BigQuery, Seaborn, Rust, Matlab, Matplotlib"
Embedded Evangelist,"Tableau, TensorFlow, TypeScript, Firebase, REST API, MongoDB"
NLP Consultant,"NoSQL, Go, Redux, TypeScript, Vue.js, Scikit-Learn"
Cloud Scientist,"AWS, TensorFlow, NoSQL, PHP, Scikit-Learn, PostgreSQL"
AI Developer,"Redux, Spark, JavaScript, Bash"
Mobile Coach,"Flask, Bash, Next.js, CI/CD, XGBoost, Pandas, FastAPI"
Frontend Analyst,"Power BI, SASS, Tableau, Nginx"
Embedded Administrator,"Git, Scikit-Learn, Spring Boot, Rust, Material UI"
Automation Architect,"PowerShell, Node.js, Ruby, FastAPI, BigQuery"
CRM Manager,"CatBoost, Go, Azure, JavaScript, Matplotlib"
Security Coach,"Ruby, Matplotlib, Firebase, SASS, JIRA, LangChain, TensorFlow"
Testing Manager,"Node.js, Figma, Redux, C#, Go, FastAPI"
ML Scientist,"FastAPI, GitHub Actions, MySQL, PyTorch"
CRM Engineer,"Material UI, Numpy, Tableau, Pandas, Airflow, Bootstrap"
Analytics Specialist,"TypeScript, CSS, Tableau, REST API, Kafka, GCP"
AR/VR Manager,"Flask, Git, Bootstrap, Spring Boot, SQL, XGBoost"
Cybersecurity Instructor,"Tableau, CatBoost, React, Airflow, Django, BigQuery, Vue.js"
IoT Manager,"TensorFlow, Airflow, Notion, Redis, Docker, Spring Boot, ElasticSearch"
Mobile Engineer,"FastAPI, CSS, Linux, PyTorch"
Backend Instructor,"Java, Bootstrap, Ruby, Matplotlib"
Blockchain Consultant,"Spring Boot, Nginx, AWS, JavaScript, OpenCV, LangChain"
Automation Lead,"LangChain, Notion, Matlab, Linux"
Web3 Administrator,"Jenkins, AWS, JIRA, Tableau, Notion"
Cybersecurity Administrator,"Keras, Figma, PyTorch, Matlab"
UI/UX Coach,"Pandas, Material UI, RabbitMQ, Apache"
Research Consultant,"Terraform, Notion, Redux, Angular, Pandas, Numpy"
Product Coach,"Redis, LangChain, CatBoost, C++, SQLite, PowerShell, PHP"
Automation Evangelist,"C#, RabbitMQ, PHP, Hadoop, Notion, Spark, gRPC"
Blockchain Manager,"Jenkins, TypeScript, Next.js, Spring Boot, Ruby, Terraform, Rust"
Cybersecurity Lead,"Figma, CatBoost, LLMs, Azure, Numpy, PowerShell, MongoDB"
Web3 Engineer,"SQLite, Firebase, Figma, GitHub Actions, JIRA, Tableau, Matplotlib"
ML Developer,"Redis, RabbitMQ, BigQuery, Ruby, CI/CD"
Cybersecurity Intern,"AWS, Jenkins, Flask, Go, Kafka, Material UI"
CRM Instructor,"OpenCV, Ruby, Matplotlib, ElasticSearch, SQL, Spring Boot"
Cybersecurity Strategist,"Firebase, Spring Boot, Rust, Bash, Hadoop, Figma, Matlab"
Game Consultant,"Angular, Bootstrap, CatBoost, PHP, PyTorch, Material UI"
IoT Engineer,"JIRA, Hadoop, Rust, AWS, Transformers, Apache, Power BI"
Testing Engineer,"RabbitMQ, C#, Seaborn, SQL, Spark, XGBoost, ElasticSearch"
Cybersecurity Scientist,"PyTorch, MySQL, Keras, TypeScript, NoSQL"
UI/UX Administrator,"Azure, MySQL, AWS, Docker, Angular"
Analytics Engineer,"Angular, ElasticSearch, Jenkins, Scikit-Learn"
AR/VR Consultant,"Firebase, Tableau, Redux, Matlab, GCP"
ML Intern,"Spring Boot, Spark, Kubernetes, Figma"
Blockchain Intern,"Tailwind, CatBoost, MySQL, Power BI, Next.js, Jenkins"
Site Reliability Administrator,"HTML, Docker, Pandas, Kafka, C++"
Testing Coach,"TypeScript, Matplotlib, MySQL, JIRA, Vue.js"
DevOps Administrator,"Bootstrap, Next.js, C#, React, Django, Jenkins, Nginx"
Research Specialist,"Django, Nginx, MongoDB, LangChain, Redis"
Cloud Administrator,"Git, PostgreSQL, Apache, MySQL, RabbitMQ"
IoT Lead,"Node.js, Transformers, HTML, Tableau, Nginx, Docker, GraphQL"
Embedded Instructor,"CI/CD, Matplotlib, Flask, Seaborn"
Platform Engineer,"PHP, Keras, SQL, MySQL, Python, Pandas, RabbitMQ"
Blockchain Strategist,"Seaborn, AWS, Python, Java"
Frontend Lead,"LangChain, FastAPI, PostgreSQL, HTML, GitHub Actions, Terraform, CI/CD"
Data Analyst,"MySQL, Angular, XGBoost, NoSQL, Rust, GCP, Numpy"
Game Scientist,"CatBoost, Django, GitHub Actions, JIRA, AWS"
Security Instructor,"Terraform, PyTorch, Redux, Kafka, BigQuery, Matplotlib, Docker"
Blockchain Instructor,"Kubernetes, Firebase, PowerShell, BigQuery, Node.js"
Research Architect,"RabbitMQ, Matlab, GitHub Actions, React, Airflow"
CRM Coach,"JavaScript, NoSQL, Power BI, Bash, Material UI"
Quantum Engineer,"LLMs, TensorFlow, Apache, Flask, Keras, BigQuery"
Product Intern,"Transformers, SASS, Bootstrap, LangChain, Airflow"
Data Instructor,"Spark, XGBoost, C#, BigQuery, Python, Next.js"
Game Intern,"Flask, Go, Linux, Tableau, Scikit-Learn"
NLP Lead,"Django, LLMs, Terraform, RabbitMQ, Ruby, Airflow, Next.js"
E-commerce Lead,"OpenCV, RabbitMQ, Seaborn, SASS, CatBoost, Firebase, GitHub Actions"
Platform Administrator,"Spark, Rust, Material UI, FastAPI"
Frontend Evangelist,"Next.js, Bootstrap, Docker, Airflow, XGBoost"
Security Intern,"GraphQL, Numpy, REST API, gRPC, OpenCV"
Education Analyst,"Vue.js, Linux, SASS, Git, Ruby"
Education Intern,"Tailwind, C++, Java, Figma, Notion, Angular, Linux"
AR/VR Specialist,"Flask, Node.js, Pandas, Keras"
NLP Instructor,"Seaborn, GCP, gRPC, Django, PowerShell, Redux, AWS"
Analytics Administrator,"Python, Tableau, Flask, Matplotlib, SQLite, Bootstrap, XGBoost"
Platform Specialist,"RabbitMQ, SQL, REST API, Hugging Face, JavaScript, LangChain, Hadoop"
Education Instructor,"CI/CD, FastAPI, Kubernetes, PostgreSQL, JavaScript, MongoDB"
Quantum Specialist,"Figma, Spring Boot, Firebase, XGBoost, Nginx, Python"
Analytics Consultant,"Ruby, ElasticSearch, Spring Boot, Airflow"
Automation Specialist,"Airflow, RabbitMQ, GitHub Actions, Pandas"
Automation Analyst,"ElasticSearch, Kubernetes, SQLite, Python, Rust, C++"
Education Coach,"Django, BigQuery, Java, Keras, C#"
Testing Lead,"Flask, React, Angular, Material UI, Power BI, NoSQL, Spark"
Education Scientist,"Kubernetes, XGBoost, PowerShell, C#, Material UI, Linux"
CRM Intern,"RabbitMQ, C#, TensorFlow, PyTorch, Nginx, Go"
DevOps Architect,"PostgreSQL, Redux, RabbitMQ, TypeScript"
Analytics Strategist,"Jenkins, GCP, FastAPI, Ruby"
Automation Manager,"Git, Ruby, AWS, XGBoost, CSS"
